<?xml version="1.0"?>
<doc>
    <assembly>
        <name>SmartQueryRunner</name>
    </assembly>
    <members>
        <member name="M:AdvancedQuery.Common.AutoSizeGridView(System.Windows.Forms.DataGridView,System.Int32)">
            <summary>
            https://stackoverflow.com/questions/1025670/how-do-you-automatically-resize-columns-in-a-datagridview-control-and-allow-the
            </summary>
            <param name="dataGridView"></param>
        </member>
        <member name="M:AdvancedQuery.Common.SupportMultipleLineCells(System.Windows.Forms.DataGridView)">
            <summary>
            https://stackoverflow.com/questions/1706454/c-multiline-text-in-datagridview-control
            </summary>
            <param name="dataGridView"></param>
        </member>
        <member name="F:AdvancedQuery.MDIParent1.components">
            <summary>
            Required designer variable.
            </summary>
        </member>
        <member name="M:AdvancedQuery.MDIParent1.Dispose(System.Boolean)">
            <summary>
            Clean up any resources being used.
            </summary>
            <param name="disposing">true if managed resources should be disposed; otherwise, false.</param>
        </member>
        <member name="M:AdvancedQuery.MDIParent1.InitializeComponent">
            <summary>
            Required method for Designer support - do not modify
            the contents of this method with the code editor.
            </summary>
        </member>
        <member name="F:AdvancedQuery.frmConnections.components">
            <summary>
            Required designer variable.
            </summary>
        </member>
        <member name="M:AdvancedQuery.frmConnections.Dispose(System.Boolean)">
            <summary>
            Clean up any resources being used.
            </summary>
            <param name="disposing">true if managed resources should be disposed; otherwise, false.</param>
        </member>
        <member name="M:AdvancedQuery.frmConnections.InitializeComponent">
            <summary>
            Required method for Designer support - do not modify
            the contents of this method with the code editor.
            </summary>
        </member>
        <member name="F:AdvancedQuery.FrmGraph.components">
            <summary>
            Required designer variable.
            </summary>
        </member>
        <member name="M:AdvancedQuery.FrmGraph.Dispose(System.Boolean)">
            <summary>
            Clean up any resources being used.
            </summary>
            <param name="disposing">true if managed resources should be disposed; otherwise, false.</param>
        </member>
        <member name="M:AdvancedQuery.FrmGraph.InitializeComponent">
            <summary>
            Required method for Designer support - do not modify
            the contents of this method with the code editor.
            </summary>
        </member>
        <member name="T:DataBaseProcedure">
            <summary>
            Wrapper to do all database related operations
            </summary>
        </member>
        <member name="F:XML_Reader.JsonReader.components">
            <summary>
            Required designer variable.
            </summary>
        </member>
        <member name="M:XML_Reader.JsonReader.Dispose(System.Boolean)">
            <summary>
            Clean up any resources being used.
            </summary>
            <param name="disposing">true if managed resources should be disposed; otherwise, false.</param>
        </member>
        <member name="M:XML_Reader.JsonReader.InitializeComponent">
            <summary>
            Required method for Designer support - do not modify
            the contents of this method with the code editor.
            </summary>
        </member>
        <member name="F:XML_Reader.XMLReader.components">
            <summary>
            Required designer variable.
            </summary>
        </member>
        <member name="M:XML_Reader.XMLReader.Dispose(System.Boolean)">
            <summary>
            Clean up any resources being used.
            </summary>
            <param name="disposing">true if managed resources should be disposed; otherwise, false.</param>
        </member>
        <member name="M:XML_Reader.XMLReader.InitializeComponent">
            <summary>
            Required method for Designer support - do not modify
            the contents of this method with the code editor.
            </summary>
        </member>
        <member name="F:SmartQueryRunner.MessageText.components">
            <summary>
            Required designer variable.
            </summary>
        </member>
        <member name="M:SmartQueryRunner.MessageText.Dispose(System.Boolean)">
            <summary>
            Clean up any resources being used.
            </summary>
            <param name="disposing">true if managed resources should be disposed; otherwise, false.</param>
        </member>
        <member name="M:SmartQueryRunner.MessageText.InitializeComponent">
            <summary>
            Required method for Designer support - do not modify
            the contents of this method with the code editor.
            </summary>
        </member>
        <member name="T:xmlDbEditor.xmlEditor">
            <summary>
            Summary description for Form1.
            </summary>
        </member>
        <member name="M:xmlDbEditor.xmlEditor.Dispose(System.Boolean)">
            <summary>
            Clean up any resources being used.
            </summary>
        </member>
        <member name="M:xmlDbEditor.xmlEditor.InitializeComponent">
            <summary>
            Required method for Designer support - do not modify
            the contents of this method with the code editor.
            </summary>
        </member>
        <member name="F:WindowsApplication1.FrmMain.components">
            <summary>
            Required designer variable.
            </summary>
        </member>
        <member name="M:WindowsApplication1.FrmMain.Dispose(System.Boolean)">
            <summary>
            Clean up any resources being used.
            </summary>
            <param name="disposing">true if managed resources should be disposed; otherwise, false.</param>
        </member>
        <member name="M:WindowsApplication1.FrmMain.InitializeComponent">
            <summary>
            Required method for Designer support - do not modify
            the contents of this method with the code editor.
            </summary>
        </member>
        <member name="M:WindowsApplication1.Program.Main(System.String[])">
            <summary>
            The main entry point for the application.
            </summary>
        </member>
    </members>
</doc>
