[{"SnippetName":"DB CC Tables","value":"DBCC SHOWCONTIG WITH TABLERESULTS, ALL_INDEXES"},{"SnippetName":"Wait statistics","value":"DBCC SQLPERF('WAITSTATS')"},{"SnippetName":"Log space","value":"DBCC SQLPERF('LOGSPACE') "},{"SnippetName":"DB CC","value":"DBCC SHOWCONTIG"},{"SnippetName":"Lock details","value":"EXECUTE sp_lock"},{"SnippetName":"Lock info","value":"EXECUTE dbo.aba_lockinfo 2,1,0"},{"SnippetName":"Active Users","value":"exec Sp_who2 'Active'"},{"SnippetName":"Who","value":"EXEC SP_WHO"},{"SnippetName":"Who2","value":"EXEC SP_WHO2"},{"SnippetName":"UserActions","value":"SELECT spid, uid=rtrim(loginame), dbname=db_name(dbid), Program_name=rtrim(Program_name),status=rtrim(status) \r\nFROM master.dbo.sysprocesses WHERE loginame = 'admin-meraj';"},{"SnippetName":"Job History","value":"SELECT DISTINCT  name \r\nFROM   msdb.dbo.sysjobs j \r\nWHERE  j.job_id in \r\n       (SELECT h.job_id \r\n        FROM   msdb.dbo.sysjobhistory h \r\n\t  WHERE  j.job_id = h.job_id \r\n\t    AND  h.run_status in (4) \r\n        -- run_duration is Elapsed time in the execution \r\n        -- of the job or step in HHMMSS format\r\n        -- (200 = 2 minutes):\r\n\t    AND run_duration > 2  \r\n\t    AND h.job_id in (SELECT TOP 1 h2.job_id \r\n\t\t\t\t   FROM  msdb.dbo.sysjobhistory h2 \r\n\t\t\t\t   WHERE h.job_id = h2.job_id\r\n\t\t\t\t   ORDER BY run_date, run_time desc\r\n                          )\r\n        )\r\n\r\n-- Job statuses in sysjobhistory:\r\n-- 0 = Failed\r\n-- 1 = Succeeded\r\n-- 2 = Retry\r\n-- 3 = Canceled\r\n-- 4 = In progress"},{"SnippetName":"connections count","value":"select  db_name(dbid) , count(*) 'connections count'\r\nfrom master..sysprocesses\r\nwhere spid != @@spid\r\ngroup by  db_name(dbid)\r\norder by count(*)"},{"SnippetName":"Execution time analysis","value":"SELECT object_name(m.object_id), MAX(qs.last_execution_time)\r\nFROM sys.sql_modules m\r\nLEFT JOIN (sys.dm_exec_query_stats qs\r\nCROSS APPLY sys.dm_exec_sql_text (qs.sql_handle) st)\r\nON m.object_id = st.objectid\r\nAND st.dbid = db_id()\r\nGROUP BY object_name(m.object_id)"},{"SnippetName":"Routine Definition","value":"SELECT CAST(ROUTINE_DEFINITION as text) FROM INFORMATION_SCHEMA.ROUTINES \r\nwhere ROUTINE_NAME = 'dbo.sp_user_details' and lower(ROUTINE_TYPE) = 'procedure'"}]